iter	Logloss
0	0.1508880706
1	0.08820551944
2	0.06376570663
3	0.05138838612
4	0.04628722326
5	0.04295307034
6	0.03846616412
7	0.03826054761
8	0.0372095441
9	0.03681296698
