iter	Logloss
0	0.6009908971
1	0.5504672942
2	0.5057715721
3	0.4767495064
4	0.4539844942
5	0.4380959844
6	0.4188767004
7	0.4051215702
8	0.3908146029
9	0.3811826478
