iter	Logloss
0	0.5593842688
1	0.4953689015
2	0.4605336633
3	0.4351333616
4	0.4150861488
5	0.4022475775
6	0.3890918684
7	0.380594972
8	0.3707438469
9	0.362787611
